Name1,Name2,Name3,Name4
艾春荣,艾春艳,艾对元,艾国祥
艾浩军,艾力,艾思奇,艾云灿
爱迪生,爱因斯坦,安春玲,安菲菲
安红燕,安君,安林昌,安培
安天庆,安勇良,安政,安芷生
敖婷婷,奥托,巴金,白冰
白昌明,白川英树,白春礼,白春明
白钢,白光亮,白鹤翔,白金铠
白久林,白利刚,白寿彝,白图格
白途思,白奚,白向贺,白秀峰
白雪,白雪瑞,白亚龙,白彦
白羊,白以龙,白云翔,白重恩
柏飞彪,柏浩,柏延臣,柏正尧
柏舟,包崇龙,包德洲,包冬梅
包尔汉,包福利,包锐,包为民
包云岗,保丽霞,保勇,保铮
鲍丙豪,鲍得海,鲍官军,鲍海飞
鲍进,鲍军荣,鲍明,鲍明晓
鲍桥梁,鲍素莹,鲍文奎,鲍永利
鲍元恺,贝尔,贝塞麦,贝时璋
贝晓越,本茨,毕德显,毕科
毕磊,毕鹏翔,毕桥,毕荣山
毕昇,毕诗健,毕锡和,边冈
边文波,边勇波,扁鹊,卞丽萍
卞勇,遍历型,标本唐家,别同德
邴涛,秉志,伯奇费尔,博奥生
卜桂学,卜浩,卜坤,卜王辉
卜昔,卜永锋,布宁斌,蔡岸
蔡柏龄,蔡邦华,蔡昌年,蔡长塔
蔡传喜,蔡砥,蔡定剑,蔡方荫
蔡昉,蔡峰,蔡国雄,蔡海兵
蔡海元,蔡红星,蔡宏灵,蔡宏睿
蔡慧敏,蔡金涛,蔡津津,蔡静
蔡聚锁,蔡均猛,蔡昆争,蔡亮
蔡镏生,蔡伦,蔡美彪,蔡美强
蔡其巩,蔡启瑞,蔡强胜,蔡翘
蔡睿贤,蔡少卿,蔡诗东,蔡涛
蔡喜运,蔡新华,蔡旭,蔡旋
蔡延江,蔡永立,蔡玉林,蔡振山
蔡忠祥,蔡钟翔,蔡子微,藏旭恒
操金鑫,曹本熹,曹昌祺,曹昌燕
曹成,曹赤阳,曹楚南,曹春晓
曹聪,曹凤岐,曹广福,曹贵平
曹恒,曹红英,曹宏威,曹宏鑫
曹晖,曹汇,曹嘉,曹建军
曹建明,曹建猷,曹俊,曹俊芳
曹俊峰,曹俊兴,曹凯,曹丽
曹利军,曹玲,曹曼,曹敏
曹明德,曹明珠,曹培健,曹鹏
曹强,曹珊,曹尚银,曹世雄
曹淑云,曹顺庆,曹天德,曹天钦
曹廷,曹文得,曹文虎,曹文宣
曹相生,曹兴,曹怡,曹镛
曹永锋,曹宇,曹媛媛,曹振
曹震,曹志冬,曹志荣,曹宗富
岑长春,岑为,查宏光,查全性
查瑞传,査玉平,柴宏飞,柴尚蕾
柴晓亮,柴钊,昌中宏,常迵
常广军,常广涛,常华进,常路彪
常顺利,常素娥,常文瑞,常向魁
常印佛,巢纪平,朝永振一郎,车涛
车玉琪,车志强,陈阿青,陈爱敏
陈安,陈昂,陈宝,陈宝瑞
陈宝森,陈保亚,陈彪,陈彪如
陈彬,陈斌,陈冰嬬,陈兵
陈秉公,陈才,陈财森,陈昌春
陈长金,陈长松,陈超华,陈朝娟
陈晨,陈创天,陈春,陈春华
陈春声,陈达,陈大康,陈大钦
陈德鹏,陈娣,陈栋生,陈恩凤
陈方培,陈芳林,陈芳允,陈妃
陈丰坤,陈峰,陈凤桐,陈旉
陈芙蓉,陈福义,陈富民,陈改革
陈淦,陈高华,陈恭,陈冠荣
陈光水,陈光中,陈广明,陈广生
陈广伟,陈广霞,陈贵锋,陈桂华
陈桂林,陈桂明,陈桂生,陈国宝
陈国兵,陈国达,陈国栋,陈国华
陈国良,陈国民,陈国青,陈国文
陈国旭,陈海春,陈海明,陈海燕
陈翰馥,陈翰笙,陈昊,陈浩元
陈淏子,陈和生,陈荷娟,陈红涛
陈宏程,陈洪波,陈洪渊,陈虹亮
陈侯通,陈华,陈华宾,陈华癸
陈焕阳,陈焕镛,陈辉,陈基焕
陈吉德,陈济舸,陈继春,陈佳洱
陈佳贵,陈家镛,陈嘉映,陈嘉勇
陈嘉宇,陈建功,陈建军,陈建林
陈建平,陈建芮,陈建生,陈建伟
陈剑,陈健,陈鉴远,陈江翠
陈洁,陈鲸,陈井生,陈景润
陈静,陈巨川,陈军锋,陈钧杰
陈筠泉,陈俊,陈俊东,陈俊亮
陈俊林,陈俊松,陈俊武,陈俊勇
陈凯敏,陈凯先,陈柯达,陈可冀
陈客云,陈奎元,陈来,陈乐民
陈乐平,陈理,陈力丹,陈立波
陈立民,陈立群,陈利华,陈俐
陈良尧,陈林,陈琳琳,陈留国
陈留美,陈龙,陈龙珠,陈轮
陈满荣,陈茂林,陈美兰,陈美琴
陈梦熊,陈觅,陈敏,陈名海
陈明,陈明林,陈明伦,陈明伟
陈铭书,陈木法,陈南春,陈难先
陈能宽,陈培见,陈鹏,陈平原
陈萍,陈圻,陈其翔,陈琦
陈琦伟,陈麒,陈启能,陈乾
陈茜,陈桥驿,陈庆宣,陈庆益
陈庆英,陈庆云,陈认真,陈荣
陈荣悌,陈茹玉,陈儒军,陈瑞华
陈瑞泰,陈睿山,陈三军,陈三茂
陈善铭,陈尚斌,陈少华,陈绍光
陈绍云,陈燊,陈胜,陈胜华
陈圣宾,陈诗启,陈实功,陈士超
陈士国,陈世骧,陈式刚,陈收
陈枢卉,陈述彭,陈思和,陈思萌
陈松,陈苏华,陈绥阳,陈涛
陈腾祥,陈团生,陈万米,陈望道
陈威华,陈伟,陈卫东,陈卫军
陈卫群,陈慰峰,陈文峰,陈文贵
陈文苏,陈文涛,陈文新,陈武峰
陈西庆,陈希孺,陈锡康,陈锡祺
陈锡文,陈曦,陈玺,陈霞
陈先超,陈先达,陈湘明,陈向荣
陈小斌,陈小悦,陈晓红,陈晓华
陈晓敏,陈晓娜,陈晓文,陈晓亚
陈新民,陈新滋,陈信元,陈兴良
陈星弼,陈星旦,陈星光,陈旭
陈旭梅,陈旭宁,陈学锋,陈学俊
陈学雷,陈学伟,陈雪初,陈亚州
陈妍,陈炎,陈衍德,陈艳花
陈燕,陈燕东,陈燕飞,陈扬枝
陈旸,陈洋,陈耀松,陈耀祖
陈仪香,陈宜瑜,陈宜张,陈怡然
陈奕涛,陈毅波,陈懿,陈寅恪
陈印政,陈应泉,陈应显,陈颖
陈顒,陈永江,陈永金,陈永龄
陈勇,陈玉洁,陈郁,陈毓罴
陈元芳,陈垣,陈远,陈远川
陈远龙,陈云飞,陈云伟,陈允芳
陈运泰,陈泽,陈占安,陈占国
陈钊,陈桢,陈真,陈振明
陈振宇,陈征,陈正新,陈之长
陈之骅,陈志刚,陈志高,陈志豪
陈志威,陈志武,陈智华,陈中红
陈中伟,陈中亚,陈众,陈舟
陈周群,陈竺,陈子翃,陈子元
陈宗海,陈宗基,陈宗振,陈祖武
陈祖煜,陈佐忠,谌宏伟,成宝芝
成庆,成元庆,成章,承淡安
程斌,程灿玲,程长建,程传慧
程纯枢,程大位,程冬,程恩富
程方明,程飞,程淦藩,程革
程耿东,程光,程广帅,程国栋
程海涛,程汉,程虎民,程介克
程金生,程津培,程劲松,程开甲
程克学,程来斌,程黎鹿,程丽君
程琳,程民德,程明,程木
程奇,程千帆,程钦,程庆国
程镕时,程绍迥,程时伟,程铁军
程万强,程伟,程文娟,程文科
程向明,程孝刚,程孝龙,程暄生
程学先,程迎春,程裕淇,程月洲
程真,程真波,程智,程仲基
池际尚,池毛毛,池顺良,池振国
迟雷,迟鹏程,迟庆生,仇士华
仇元,丑纪范,初少莉,储成才
储诚进,储涛,储伟,楚梵
楚化强,楚鑫新,褚芳琳,褚君浩
褚晓东,褚应璜,川端康成,慈云桂
慈云祥,丛树海,丛郁,丛远新
崔步青,崔春华,崔涤僧,崔尔杰
崔国新,崔海霞,崔佳乐,崔建东
崔建国,崔建华,崔建远,崔金立
崔经国,崔克明,崔崑圃,崔雷
崔立,崔林,崔龙基,崔明德
崔琦,崔全领,崔生成,崔世友
崔树旺,崔树勋,崔涛,崔巍
崔文权,崔雯静,崔晓,崔晓杰
崔晓松,崔岩岩,崔垚,崔业让
崔月雷,崔珍珍,崔振东,崔宗杰
寸玉鹏,大江健三郎,代丽娜,代群威
代忠伟,戴安邦,戴伯勋,戴朝华
戴传曾,戴聪明,戴代新,戴芳澜
戴锋,戴光荣,戴弘,戴洪兴
戴佳钰,戴金星,戴立信,戴姆勒
戴念慈,戴启广,戴强,戴秋丹
戴汝为,戴世光,戴世强,戴松恩
戴炜栋,戴文燕,戴伍圣,戴小华
戴小鹏,戴亦军,戴元本,戴园晨
戴中华,丹慧国,单凤儒,单磊
单许昌,单宇,单治超,但卫华
党鸿辛,党晓栋,党智敏,道布
邓朝华,邓从豪,邓大松,邓广铭
邓洪亮,邓甲昊,邓稼先,邓景发
邓景华,邓九安,邓起东,邓琴
邓莎莎,邓绍基,邓生庆,邓叔群
邓顺,邓松涛,邓拓,邓维斌
邓文波,邓武,邓锡铭,邓小辉
邓晓芒,邓艳,邓玉林,邓泽元
邓正来,邓植仪,邓子新,狄超白
狄塞尔,邸利会,邸领军,邸新
刁佳杰,刁英斐,丁兵,丁承强
丁大勇,丁大钊,丁凡,丁淦林
丁光生,丁国瑜,丁虎,丁桦
丁建丽,丁洁,丁锦文,丁井井
丁俊萍,丁科,丁魁礼,丁璐
丁明山,丁楠,丁能根,丁日升
丁声树,丁胜涛,丁守存,丁守和
丁舜年,丁甜,丁望峰,丁伟岳
丁伟志,丁夏畦,丁晓彬,丁雪峰
丁亚男,丁艳波,丁杨斌,丁一汇
丁颖,丁又专,丁渝,丁裕国
丁肇中,丁志文,丁仲礼,东方复
董宝良,董长贵,董超,董成
董豆豆,董恩增,董福平,董桂
董国法,董衡巽,董红宇,董洪光
董鸿晔,董华,董建峰,董建文
董金凯,董金奎,董金玮,董俊刚
董俊哲,董乐,董立国,董良广
董满生,董明望,董盼,董朋飞
董全霄,董申保,董世魁,董仕勇
董为,董文博,董文泉,董小岩
董新永,董秀玥,董延军,董焱章
董永辉,董云伟,董韫美,董增寿
董章勇,董征,董志佼,都成君
都有为,窦大营,窦国仁,窦宏恩
窦锦壮,窦叔蒙,窦伟,杜朝军
杜成亭,杜春燕,杜德文,杜高赞
杜关祥,杜国庠,杜汉学,杜红兵
杜红亮,杜厚文,杜继实,杜继文
杜嘉,杜江平,杜可,杜立智
杜猛,杜平武,杜璞,杜秦文
杜仁骞,杜荣坤,杜尚海,杜太生
杜绾,杜向军,杜新,杜新豪
杜雪晴,杜雪相,杜彦磊,杜洋
杜一,杜永明,杜宇雷,杜增吉
杜占池,杜中,杜忠,段才闻
段昌群,段敬来,段君元,段俊生
段克松,段明,段嫔香,段庆伟
段诗悦,段世伟,段伟松,段伟文
段新平,段煦,段学复,段艳芳
段颖异,段永嘉,段云峰,段增强
段哲,顿爱欢,顿玉环,顿月芹
法拉第,法文哲,法显,樊超
樊纲,樊海明,樊和平,樊恒辉
樊骏,樊亢,樊立萍,樊庆笙
樊栓狮,樊小林,樊小龙,樊晓平
樊晓英,樊友平,泛胜之,范炳玉
范伯群,范长增,范春晓,范从来
范存忠,范德沙,范芙媛,范海福
范红金,范华林,范健,范金辰
范敬龙,范靓靓,范开国,范克胜
范鹏贤,范清华,范庆来,范权威
范守善,范文博,范文辉,范文澜
范愉,范圆圆,范振英,范志红
范忠信,方成,方丹群,方芳
方飞,方汉军,方汉奇,方宏清
方锦清,方精云,方俊,方克立
方乐,方磊,方立天,方琳浩
方菱,方明,方荣祥,方三华
方守贤,方书论,方滔,方唯硕
方夕辉,方向明,方晓汾,方心芳
方欣,方学毅,方叶兵,方义
方银娥,方圆,方占召,方樟
方肇伦,方臻,方舟子,方宗熙
房列曙,房松,房振,房正纪
费方域,费剑平,费进波,费维栋
费维扬,费小冬,费孝通,冯爱霞
冯博,冯春艳,冯纯伯,冯丹丹
冯德培,冯定,冯端,冯光华
冯惠玲,冯鉴强,冯颉,冯景兰
冯军刚,冯俊,冯俊诚,冯俊涛
冯康,冯兰萍,冯兰洲,冯利民
冯契,冯泉,冯尚华,冯少敏
冯绍雷,冯胜飞,冯士筰,冯世章
冯守华,冯双龙,冯硕,冯天瑜
冯伟,冯炜权,冯文,冯贤波
冯向东,冯向军,冯晓明,冯晓强
冯新德,冯新港,冯宜伟,冯永忠
冯用军,冯友兰,冯宇彦,冯元桢
冯泽芳,冯正勇,冯至,冯子军
凤冠绥,凤琼,伏程红,伏打
符淙斌,符汪洋,符晓,符晓婷
福井谦一,付安民,付碧宏,付斌
付东升,付福友,付桂,付国东
付洪海,付建军,付建莹,付捷
付昆明,付丽,付鲁堂,付绍云
付世海,付彦伟,付宇新,付玉芹
付昱,付元山,付允,付志新
付子英,傅承义,傅诚杰,傅崇岗
傅道春,傅刚,傅亨,傅恒志
傅家骥,傅家谟,傅杰,傅骏
傅鹂,傅礼兵,傅霖,傅睿思
傅维利,傅献彩,傅艳阳,傅鹰
傅蕴德,富尔顿,富儒年,伽利略
尕海湿,盖鑫磊,干铎,干福熹
甘春梅,甘大广,甘德,甘峰
甘子钊,冈晋麟,高彬,高长永
高常鑫,高春红,高大海,高德华
高德伟,高涤陈,高飞,高峰
高古辉,高关胤,高广宇,高海波
高恒,高洪江,高鸿,高鸿H
高鸿业,高焕,高惠平,高济宇
高加俭,高建阁,高建国,高建笺
高金山,高进伟,高景德,高军
高俊,高锟,高磊,高莉
高理钱,高立波,高琳,高莽
高懋芳,高梅香,高铭暄,高鹏飞
高琪,高清海,高庆,高庆狮
高仁德,高山,高尚荫,高世扬
高顺玉,高铁杠,高旺盛,高为炳
高伟,高文娟,高峡,高小强
高小霞,高晓路,高欣,高新宇
高信芬,高行健,高学伸,高延峰
高衍超,高艳锋,高怡生,高永峰
高由禧,高玉臣,高玉魁,高展
高振衡,高振西,高镇同,高正明
高志峰,高中洪,高中双,郜凯
葛昌纯,葛德燕,葛凤培,葛洪
葛佶,葛家澍,葛剑雄,葛娟
葛均青,葛林科,葛墨林,葛素红
葛庭燧,葛文珍,葛翔,葛肖虹
葛宜元,葛瑛,葛泽慧,葛志昊
耿伯林,耿佳佳,耿魁伟,耿宁
耿伟强,耿文叶,耿云志,公丕祥
宫运华,龚昌德,龚昌杰,龚道枝
龚海涛,龚凯,龚刃韧,龚胜生
龚士良,龚书,龚文引,龚小君
龚新奇,龚堰珏,龚耀先,龚奕利
龚宇,龚育之,龚岳亭,龚云飞
龚中良,龚祖同,巩杰,贡金涛
缑志斌,谷长栋,谷超豪,谷德振
谷建伟,谷峻,谷文泽,谷湘潜
谷欣,谷源洋,谷战军,顾秉林
顾伯洪,顾朝林,顾冬冬,顾冬青
顾功叙,顾国利,顾海良,顾汉念
顾汉洋,顾红燕,顾红专,顾颉刚
顾进广,顾克秋,顾明远,顾铭强
顾培东,顾巧论,顾青虹,顾琼
顾世建,顾诵芬,顾岁成,顾涛
顾逸东,顾翼东,顾毓琇,顾知微
关定华,关洪斌,关剑月,关连珠
关士聪,关小军,关小康,关燕清
关永军,关肇直,管军,管俊彪
管天球,管惟炎,管卫兵,管文虎
桂婕,桂耀荣,郭爱克,郭柏灵
郭保华,郭保林,郭斌,郭超
郭成浩,郭承基,郭崇慧,郭传宇
郭春锋,郭聪,郭大力,郭大庆
郭旦怀,郭道扬,郭帆,郭戈
郭光灿,郭贵春,郭浩,郭禾苗
郭弘,郭红建,郭红梅,郭鸿
郭华,郭华忠,郭慧丽,郭京兴
郭晶晶,郭景坤,郭九苓,郭娟
郭军康,郭军伟,郭俊先,郭可信
郭克莎,郭雷,郭垒,郭磊
郭丽,郭丽君,郭利杰,郭利萍
郭亮,郭领阵,郭令智,郭龙
郭敏容,郭明雄,郭明宙,郭沫若
郭慕孙,郭年祥,郭宁,郭平
郭庆旺,郭琼,郭仁拥,郭瑞臣
郭尚平,郭绍虞,郭胜锋,郭守敬
郭树起,郭松义,郭孙伟,郭腾
郭万磊,郭威,郭薇,郭桅
郭卫,郭卫红,郭味纯,郭文成
郭文峰,郭文魁,郭熙保,郭霞
郭宪光,郭向云,郭燮贤,郭延礼
郭永怀,郭玉春,郭预衡,郭战胜
郭湛,郭兆坤,郭兆琦,郭镇之
郭政,郭志斌,郭志刚,郭志前
郭仲衡,郭子锋,国巍,过西荣
过增元,海波,海霞,韩丙辰
韩波,韩超,韩琤波,韩成林
韩传辉,韩存亮,韩大元,韩丹丹
韩德培,韩冬丽,韩锋,韩凤
韩红伟,韩慧健,韩济生,韩健
韩经太,韩立娟,韩立群,韩丽滨
韩丽丽,韩敏,韩鹏,韩普
韩奇钢,韩启德,韩儒林,韩韶英
韩士德,韩韬,韩天旭,韩文标
韩文霆,韩先培,韩祥伟,韩筱璞
韩学志,韩延龙,韩燕丽,韩阳
韩杨,韩毅,韩银环,韩颖慧
韩永,韩永峰,韩占生,韩张雄
韩祯祥,韩震,韩拯,郝柏林
郝纯,郝广周,郝国林,郝好山
郝井华,郝景盛,郝克明,郝力壮
郝模,郝清刚,郝时远,郝寿义
郝水,郝水侠,郝维昌,郝维民
郝文涛,郝喜红,郝晓伟,郝炘
郝彦军,郝诒纯,郝云超,郝云龙
郝增周,郝震冬,何炳林,何朝宇
何承天,何大韧,何大中,何道敬
何东伟,何凡兴,何方,何芳川
何飞,何峰江,何富贵,何光辉
何国钟,何海,何红伟,何宏
何宏青,何华宇,何积丰,何家泌
何景峰,何俊华,何克抗,何李
何丽娜,何利娜,何联毅,何炼成
何亮,何凌云,何龄修,何鸣元
何迺维,何其芳,何琴玉,何勤华
何青,何清,何庆华,何任
何瑞华,何士刚,何寿安,何树林
何天贤,何维,何文鸣,何西扣
何西淼,何弦,何向明,何学锋
何亚男,何业军,何义舟,何应林
何玉财,何玉明,何郁波,何裕建
何裕民,何毓琦,何泽慧,何召壮
何兆武,何振峰,何振一,何志辉
何志群,何志嵩,何自然,何作霖
何祚庥,和文祥,贺爱群,贺福初
贺海燕,贺晗,贺乐,贺磊
贺林,贺麟,贺茂勇,贺瑞敏
贺天伟,贺巍,贺伟凇,贺卫方
贺文爱,贺贤土,贺向东,贺燕
贺永雄,贺震,贺志刚,赫英
赫兹,衡明星,衡孝庆,洪朝生
洪德元,洪国藩,洪家兴,洪金堆
洪晶,洪坤,洪昆辉,洪礼明
洪茂椿,洪孟民,洪清泉,洪银兴
洪志能,洪自若,洪宗国,侯朝焕
侯成亚,侯德榜,侯德封,侯东省
侯东兴,侯光炯,侯吉旋,侯建国
侯建平,侯京彪,侯陇刚,侯妙乐
侯明哲,侯仁之,侯圣陶,侯外庐
侯祥胡,侯祥麟,侯晓芳,侯修洲
侯学煜,侯洵,侯阳,侯勇超
侯虞钧,侯臻,侯中华,侯卓均
狐刚子,胡鞍钢,胡宝林,胡彬
胡步根,胡昌炽,胡昌杰,胡长敏
胡常波,胡春松,胡大为,胡代光
胡德坤,胡德勇,胡登科,胡殿明
胡栋,胡敦欣,胡风山,胡锋
胡刚,胡关虎,胡光珍,胡广伟
胡贵新,胡海昌,胡海飞,胡和生
胡宏纹,胡华斌,胡化广,胡欢
胡济民,胡加佩,胡家会,胡建辉
胡建淼,胡健波,胡江苗,胡江平
胡金明,胡经甫,胡军华,胡俊峰
胡柯,胡克松,胡理乐,胡良军
胡隆基,胡茂彬,胡茂林,胡茂荣
胡美纯,胡明远,胡木林,胡宁
胡培兆,胡乔木,胡庆钧,胡仁宇
胡荣桂,胡荣宽,胡汝银,胡瑞建
胡森,胡尚伟,胡社荣,胡绳
胡盛志,胡石建,胡世华,胡寿村
胡树光,胡树韧,胡水根,胡顺光
胡硕,胡伟,胡伟平,胡文瑞
胡想顺,胡小文,胡晓君,胡晓玲
胡笑晨,胡笑旋,胡新根,胡亚元
胡延萍,胡延庆,胡业生,胡英
胡英瑛,胡玉冰,胡聿贤,胡泽文
胡占齐,胡正荣,胡志昂,胡志丁
胡志刚,胡志辉,胡志金,胡志荣
胡智锋,胡壮麟,胡卓玮,胡祖权
华凤翔,华国伟,华力为,华罗庚
华民,华仁民,华佗,华维国
华学诚,华尧楠,华毓坤,化柏林
郇延军,皇甫谧,黄琳,黄宪
黄安年,黄安贻,黄宝生,黄葆同
黄本立,黄秉维,黄波,黄灿
黄长平,黄长著,黄超,黄承扬
黄诚,黄城峙,黄春辉,黄达
黄丹萍,黄道婆,黄德佳,黄德宽
黄栋,黄法融,黄菲,黄风
黄凤琳,黄富强,黄广平,黄国彬
黄国健,黄海宾,黄汉昌,黄汉升
黄合来,黄河,黄红星,黄宏嘉
黄厚见,黄华江,黄焕,黄辉
黄辉军,黄汲清,黄集权,黄济
黄骥,黄家驷,黄坚亮,黄建斌
黄建海,黄建始,黄杰文,黄锦芳
黄进,黄巨波,黄娟,黄军林
黄锎靓,黄克智,黄昆,黄鲲鹏
黄垒,黄磊,黄理灿,黄立华
黄良锋,黄量,黄龙,黄龙祥
黄璐,黄罗毅,黄毛毛,黄民强
黄鸣龙,黄乃正,黄楠森,黄妮妮
黄宁燕,黄沛天,黄平,黄旗明
黄骞,黄庆,黄秋华,黄群慧
黄荣辉,黄锐,黄瑞采,黄润乾
黄少安,黄绍显,黄绍湘,黄胜年
黄绳,黄省曾,黄顺谋,黄松龄
黄速建,黄太仲,黄泰岩,黄涛
黄天明,黄维垣,黄伟,黄伟涛
黄纬禄,黄卫东,黄文杰,黄文培
黄文强,黄文文,黄文熙,黄希庭
黄熙,黄贤振,黄翔鹏,黄小平
黄小勇,黄小忠,黄晓峰,黄晓磊
黄晓玉,黄心川,黄兴滨,黄星星
黄幸,黄学平,黄学涛,黄雪寅
黄亚明,黄延红,黄延伟,黄岩谊
黄艳,黄耀曾,黄晔,黄艺
黄英艺,黄迎超,黄永安,黄永兵
黄永江,黄勇军,黄玉源,黄远
黄远辉,黄岳彩,黄云,黄云鹏
黄增金,黄展云,黄祯祥,黄震春
黄峥,黄志恒,黄志坚,黄志镗
黄志伟,黄智生,黄中祥,黄子固
黄子卿,黄宗忠
